clean_text,polarity
Those would be far better if they were the Batman logo!,1
retweets to see my ass hole gape!,1
Paragon Teacups - these and more at Galvacrafts ,1
"art , I wanna feel you...",1
"I will win, not immediately but definitely",1
Part Pornstars: Valerie Kay Website: Follo,1
My skin hasnt been acting accordingly which is saddening because my skin beautiful,-1
Lol. Its stupid to give such a stupid comment any form of attention.,1
They dont even want to post that she has a new top,1
I hate math class but Im still going to go,1
Could have been like tickets.,1
Get off one job to clock in the other its bag season,1
okay I will tell Shawn to follow everyone !that rt and like this fast only if you needs,1
So cute!!!!! xxx,1
Pumi Im so proud of you dude!,1
Caption this,1
"i just want everything i deserve because, ive dealt w/ everything that i didn't deserve",-1
no one loves you more than me &amp; no one ever will,1
"j&amp;js colour scheme is one of my favourites, its so pretty",1
Youre so right Spending some good time with all the critters.,1
Vechain $VEN is valued at: $3.84 Binance registration is now OPEN for limited time!  ,1
My grandpas in the hospital,-1
Stratis $STRAT price: $6.06 We checked! Binance registration is currently open  ,1
Yeah share some memes proving it - lady gaga is involved,1
Biiiiiiii the sign I was already done w the dog Something we would do,1
"I'll be waiting, sir...",1
A little monday motivation for you piggies before I get in the shower tribute then dm for more.. ,1
Sloppy throat.... Full vid for sale. Dm for info.,1
Phew! I got like a thousand new followers from yesterday so to all of you!!!im gay,1
Sad news indeed,-1
This might actually workout this time around,1
When you get your grandad gets his co-codamol mixed up with your stash of Garys,1
Shorty in the red went to sleep and woke back up,1
HIS FACE WHEN HE TRIPS : rupeesparkles,1
king and queen bracelets got them on sale from,1
Someone to get Agah out of there? We all love it,-1
OH you wanna play that game,1
Home next week for the summer Ill take it,1
ailee is so amazing she can hype up the crowd like that,1
the stuffs amazing!..... if you have the time to use it properly.,1
Why did I laugh so fucking hard rn,1
i want ion got none,-1
H for hoose...just made me LOL,1
Smh chill out,1
Come shopping with me,1
"I was just as excited as him to see this and I still suck at this game, funnily enough am proud sucking at it!",1
NEW YOUTUBE VIDEO LIKE THE VIDEO ht,1
Let's just say today's FIA race just made up for yesterday's great racing from start to finish great racing you,1
Looks like I called your bluf. Guess you really do have nothing to say,1
I know! Sneaking one in at 5,1
It's official: Summer is over before it really began. I AM hopeful that summer WILL be coming,1
...Shit,1
bring on race weekend entered,1
WTF IS THIS well played,1
But i hate u,1
Mine too,1
Exactly! When youre smooth with it the least likely theyll turn you down,1
In love with her,1
Its free at public hospitals but apparently it always comes back positive coz uhulumeni akazwani nengane engena baba h,1
If Steve Jobs had a son in the middle east,1
Starting the day off with a smile,1
Looks like I'm 's newest member,1
"LOOKING FOR BLOOD DONORS for our Golden Retriever. We need dog donors at least kg and above , complete with vaccin",-1
SHOUT OUT Smash her follow button you won't regret it she is awesome,1
Thank you love!!,1
"Too much things a want but zero money, a need a lottery win soonish",1
I be like  you sure ? ,1
Bruh.,1
This is my face when I dont have a frickin clue either,1
"I loved watching play Sexy Serial Killer, this is how I imagined it going down",1
"Dont get me wrong. I love England, but you come after buttered popcorn and I will fight you to my dying breath",-1
this is so cute. When he heard snacks. He was like a puppy.,1
That smile... Esse sorriso... Bibz,1
conect shawn follow list!Want your username to be sent to shawn so he can follow you? Follow meTurn on Notific,1
Prince Albus Severus would be my vote,1
When somebody hit me up out the blue I be thinking they tryin to set me up,1
Wrong. I'm your life. Coffee comes after me.,1
Retweet or years bad luck,1
After A Fresh Cut,1
I hate you.,1
Fabled fifth-placer launches with weird seismic brandingAfter his crumbling edifice DEVELOPS irreparable cracks Using ,1
I dont know what I wants sometimes but I know I missed this man ,1
Tonights is already the BEST. Buddy is back!!,1
Thanks,1
"They say ""less is more"", so here's about as ""more"" as you're going to get!",1
I like getting that be safe text,1
What,1
her skinny mind,1
Threw that plan away a while back,1
HBCU life in the 's,1
"'It was worth it'' Albright, eh? Cheek!",1
my son &amp; his dad are BEST FRIENDS! he hella confident his daddy gone make them shots too. easy,1
"Someone calls a radio show and says ""hello my name is emeka, i want to remain anonymous"".I tire for Nigerians.",-1
Sir this is a paint art of You and the former first Lady . We did this for You in Ghana Your Retweet can,1
. This is sooo cute .2. Your boyfriend has a Masters in umjolo .3. He needs to hold a workshop for other useless boyf,-1
Bottoms up!,1
Whose useless idiot are you? Theresa May?,1
"Super place to work, great team.",1
Im almost certain theres an easier way to blow up a balloon,1
This is the best thing youll see today,1
Woah,1
Give him a chance. He might be the one,1
"Proud to be the ,248th on for Strongholds &amp; Streaming. Thanks",1
Prayers sent to all affected,-1
I know but I want to create something being WOOOOOOOOW even for Dan,1
My bad,1
All coaches should read this.,1
Dont have me in the slums now,1
This is unreal...,-1
The new Star Wars looks lit,1
Probably the best photo on the internet today..,1
awww are u fine? message mo lang ako if u need me ahh,1
"I love when someone defends their position and then when it gets tough, they go away.",1
"Good Evening, Good Night People **Sweet Dreams, Take Care",1
| New album out now,1
Our staff picked the greatest boy band songs of all time,1
"Fine thanks,,you always make me chuckle",1
Thankyou,1
Congratulations to all of our competetitors this evening and our Young Musician winner Bella Robb,1
Sounds a good watch,1
Yikes you watching girls now? I replied to you cause you mentioned me? Im screaming. Ob,1
Drake falls down during music video shoot,1
tell us,-1
.....so sad,-1
swear this me in my math class,1
I want a whole taco section,1
Challenge not accepted,1
A true horrifying nightmare for a girl w a Jeep,1
Twitter is still not ALL bad,1
How good does Kate Middleton look considering she just had a child,1
So basically like conventional marriage,1
Let me keep quiet actually .,1
Monday doesnt feel like Monday when you get to see at work,1
January took its sweet ass time and everyone complained. God mustve pressed FF. Hes had enough,1
Susan Williams is in this episode of Im watching. Hope she dies!,1
Sweet song! You have great taste in music. I also love the songs in Hercules! ,1
Boss status,1
"Niggas Be Like ""You Still Mess With Ol Boy?"" Nigga You Know His Name",1
DM me for nudes,1
The more I see the more beautiful! Will be doing a box opening and review on these. My $166 purchase. ,1
I can hear my cat saying Im nobodys cat! this is the truth ,1
I never knew another creature could look as awkward as I do swimming,1
I never want to attend to my adult responsibilities when the weather is this nice,1
Here is the first of many updates from our Platform Development Team Sneak peek of the WIP portal included,1
Post game stretch brought to you by Cassius,1
"university challenge Absolutely awesome team, so clever. Well deserved",1
I found Jude as pengyon!!!,1
That line had to be about Delta women,1
How dare he!,1
This dude Adrien Broner is on some other shit,1
Happy Birthday! Have a great day,1
what to do then...,-1
Think What You Like,1
Someone just called in to a radio show and said.. Hello my name is emeka and i want to remain anonymous nigerian,1
"if yo shawty cross and you dont cut up like I just did, she better leave you...",1
Poor i mnow that hurt A LOT!!!!,-1
Selma Malika representing all of us as students,1
"Happy to know and hearing this from you, By! Nice yan Ibaaaaa",1
"BTW, Thanks !",1
"Do, Re, Mi Get rid of your stress with these cuties Introducing for the first time at L7 ",1
Everyone asked how my hair was still so perfect after just having my baby Bella,1
"OMG, it really glows in the dark!! ",1
Duality king,1
Bro Riot ten and his friends are comedy lmao,1
Please support if you V-lieve.,1
Abi Tobi don date CeeC ni?? Lol when he's not being followed from the terrestrial,1
"One thing in common with all the sensational claims against Assad, Putin &amp; Trump: NO INTELLIGENCE",1
Didnt even give him time to reply? how does this prove your point?,1
Like and Retweet,1
I need a New Years kiss,1
Rahul Gandhi also has destroyed his own reputation in front of people .,1
Germany Germany,-1
Happy birthday to my good friend ! Hope you have a good day!,1
I will support you! We Koreans support you and respect you.,-1
Same,-1
"I see nothing wrong with this picture, need all this summer Rs750 meal voucher up for grabs!",1
tomorrow.,1
I'm not sure leaving would be a good thing right now.,1
Bbgirl,1
The hot snapchat that got lost from my most recent members show on,1
Fortnite??,1
The Patapat Viaduct. Such an amazing project of President Marcos.,1
love yourself: tear giveawaydetails are down below haha ok goodbye ()pls rt tho,1
I think everyone deserves to see this,1
Current $ARK price: $3.54 Binance is TEMPORARILY accepting new users! GO! ,1
Baby making music,1
I cant even afford Zara,-1
Kya din aa gaye hai Criminal fans acting judge kar rahe ! Ranbir st film performance &gt; Salman whole career https:/,1
My stomach is so upset,-1
"I read ""Adulting"" and the meme still made sense",-1
I got your back,1
Do it Saturday and Ill be there along with &amp;,1
yeah when you could actually do it,1
Jgh for anywhere,1
Another photo from breakfast time. They really love food time bless them all ,1
Governments and their Weather Machines !!,-1
awhhh my precious beautiful baby,1
And thats a schedule wrap from in Kerala! Headed for the foothills of the mighty Himalayas now! ,1
Gotta see this Americans want our DOJ &amp; FBI to do their job without bias Ive lost my respect for these agencies as i,1
Yes. Sorry. My mistake. I've corrected myself. Name doesn't change the action.,-1
This is the most chaotic video Ive ever seen. So many questions,1
Super happy to announce FED47 is now available on I tried to rap and did alright.. I think. LISTEN HERE https,1
"miss you, .",1
Could you give me a thousand followers instead ?,1
look at your ilk,1
I'm listening to and from The Netherlands days until I will see Niall X,1
"You can't t be ugly &amp; Be Shy at the same time , Usabani ngoba thina sisaba wena",1
Really looking forward to seeing you down in NZ!,1
You have yourself a great day too,1
Move of the Week! Phil_Coutinho,1
Live in the now! With an eye on your future... ,1
This is why I got a Camaro,1
cuties,1
Ive been trying FOREVER to get this and look Im proud of myself lol,1
"Okay Charlotte, we see you.",1
every girl i been with is like this sober,1
I'm addicted to I can't get enough of this rising star  in . She gives me hope. I want blacks ,1
Help Us Walk the Walk at The London Legal Walk - ,1
Sachin...Sachin..Sachin!!! Very .Heres a piece of your that I have ,1
"I didn't see any Harry stuff? Oh, I guess you are still working on that!",1
I am lol at this photo. I saw this on my facebook account,1
"""I'm your hope (japanese)I am your hope (english)I'm J??""Armys: Hope!!! Thanks to: ",1
And thats a schedule wrap from in Kerala! Headed for the foothills of the mighty Himalayas now! - Movie | Prit,1
Really liked it ! They should do this type of song more often,1
I laughed so hard making this YouTube video I just posted ,1
"Whatever it is, you got it babe",1
Youre a braver man than me,1
When somebody don't know DMV slang,1
Hi Im a fanboy,1
Disney World,1
Wild garlic &amp; bluebells looking and smelling fabulous down by Box Hill stepping stones.,1
Reason to love Uganda? Rain never kills people's vibes Give this guy a medal,1
people: i like you! me: pls dont,1
The nigga in the middle BEEN smoking lol nigga just wanted free weed,1
happy birthday pogi,1
Let's do this again tomorrow same time!Nice time,1
Happiness,1
i don't have any shikigamis i want to upgrade left and i don't want to roll...it's the end of my trip with onmyoji,1
"mmmmm agree, spicy bikers are the best",1
Me &amp; Denise really missed out on free drinks at bww a guy across the bar came up to us and was like have some dr,1
"As a neutral, that statement is shocking",1
why do all Mexican moms be like quien es? when u try to show them something funny on social media,1
Relationship status : Unknown,1
I HEARTEU you all.,1
heres a short video of jisung smiling softly to jeongin. so softt,-1
Son omg man,1
why be a soft stan or hard stan when you can be both,1
Look at her move in those heels,1
miss you all,1
Billy a Brodie,1
"Men never apologize, they just text WYD when they think you calmed down",1
Do you want to tell us something?  ,1
Years Ago Today: needed a result away at .... In the st minute..... Step forward Fernando,1
"This is Thraia, Andra, my wife, AliAce, this is Andra, Kajiks wife. ZamielProud mamsh here! Hahahaha, joke! ",1
Happy Monday!!!,1
"Awwww! But no, pick ONE!",1
My husband + my love +...,1
Now Fast forward to our next call lmao and should take a seat pls They're in for a treat,1
How does it taste now,1
Then and now doyoung is a taeyong photographer Tom love jerry,1
let us see that Mou interview then,1
Or this... Like he should starve himself for not winning,1
oa daw natin what the heal,-1
"Heard you got someone new, happy for u.",1
Psychologist: People with purpose survive longerHyoyeon (to herself): Seohyun...,1
Today marks the Genesis of great things for you and I.,1
Please and Follow  me also Then follow all RT,-1
Doggo going to the vet today for a checkup,-1
She just wants her friend back so badly...,-1
My neck is killing me today!!,-1
Who's against Taehyung having long hair?,1
shawn follow list!Want your username to be sent to shawn so he can follow you? Follow meTurn on Notifications,1
still a lil pissed but she's right! I'm too humble n blessed to deal with a nobody!,1
lmao i actually decided to ship zikun when i found out ziyi is a cancer because my cancer ass love leo men,1
"Someone just screamed ""I CANNOT BRAIN THIS"" I relate",1
When can we start dating,1
Superb,1
Ive just been in love with these songs since they have been released Im proud of our talented members ,1
Who's kid is this?,1
"Fab I don't know him personally, but knew the name!",1
KPOP's Honorific Nicknames. (Group) THE FIGHT IS OVER. THESE ARE KOREA'S LEGENDS. NO DOUBT ABOUT THAT,1
This kiss,1
"At first I was like ""Hey, what's wrong with jungkookies hand??""",1
Na it won't,1
"Oufh I'm doneI NAILED IT So the teacher who was listening to me singing, said i have the chance and she offered",1
Very neatly woven definitions,1
Finish us Darling. ,1
Tiddays for days.,1
"Kindly check your socks for hidden secret messages, Please.",1
answers sa cc,1
I love how bonkers he is although the boy is never tired out around new friends,1
katy perry: breathing helps my anxiety the media: KATY PERRY THINKS SHE CAN CURE MENTAL ILLNESStaylor swift: *clears h,1
Morning vagina.,1
be it a cricket bat or a badminton racket...that grace n attitude,1
Lol they just learnt the hard way,1
"Sat in a car park while my better half has a massage, this is the life",1
Still never gets old,1
"And here's another one. again, hope you like it.",1
Oh no here we go bro,1
Are they seriously talking as if this couple dont have much food in the house?,1
I miss you meme,1
When Sharon gets home &amp; just wants to chill but finds all of Provenza's stuff dumped in her living room ,1
Lmao you are beautiful and I love the hair,1
"""What's up Bethany... I only know you by your videos cause I don't see you anymore""Justin on me showing up to AM",1
An opportunity you dont want to miss boiiii,1
And I'm talking about this,1
"no i know why you were so excited you and were back on one show again,just one thing,this",1
for vogueaustralia,1
"Secretly, Menara TM is Stark Tower",1
BTS &ltring Day&gt; reached M streams on Gaon on the th week of congrats congrats! ,1
"Before the pre-ICO that will start in two weeks, we organise an airdrop to earn tokens. Join our website :",1
I found it on Mars!,1
I will never forget this day,1
Pay me For Advertising ,1
"I dont ignore text messages on purpose, I literally just forget to respond  oh well",1
ahaa sorry bout thatwell.... never mind it is laughing emoji,1
Life is not fair,1
"I'm mad that the ""Stay alive, Drink and drive"" sign is blurred but fair enough https:",1
Waves fist at you! Just wait. Ill get my own back one day,1
shawn follow list!Want your username to be sent to shawn so he can follow you? Follow me and minutes RT,1
Me meo,1
For the Lord is good and His mercies endures forever! God bless the works of your hands. ,1
Shownu and I.M too. That's cute,1
Thanks Glyn you're welcome back anytime,1
A german ready to kill some fellow germans,1
Realizing its time to leave .,-1
Saying study and watch YouTube instead?,1
imran khan is gorgeouse personality,1
Soooo we might get a puppy,1
"Check out and their cosy setup at CHS18! Definitely worth stopping by, even just to sit on their sofa ",1
"Im going to suck out all that stress from your nice, firm body",1
Pero nas Good morning everyone,1
Wow let me go sleep,1
After Rahul Gandhi got the fifteen minutes he asked for!,1
I managed in the morning but in the afternoon I went to the hotel to check in (and sleep for hour),1
Single or taken or ready to mingle? Hahahaha  Taken,1
Who was better Martin &amp; Gina Or Michael &amp; Gina ?  lets argue,1
This packaging is insanely beautiful my word,1
Keith and Xlarence,1
I'm glad at least jihoon satisfied with soonyoung's cooking unlike my old fa,1
When babe on the phone with their parents,1
Ooooh added bonus,1
Stop giving impunity to culpritsHang themJustice delayed is Justice DeniedHumanity is Crying https://,-1
Emotionally unavailable till further notice,1
Thank you so much!,1
Taeyong &amp; Ten for Dazed Magazine cr. nct_ty07,1
"But, I miss the old Kanye...",-1
The Maple Leaf Square refs were at it again on Monday night!,1
How dreamy was ' performance of 'Lost in Japan' on Sounds Like Friday Night?,1
Who did this you must see this,1
Rosalia said it! Tic for tac,-1
Yeah,-1
I love my tiny rebel and her tongue piercing,1
"What can I say, Captai Duff - total classic",1
"We Live Only Once!!! Inject your life with smile, humor and laughter; these are the best medicines one can have! ",1
"If you want a boyfriend who's working, open a Company then Hire him..Problem solved!!Stop whining and show leadership ",1
"Ohh, how I miss this game.  Athena!!!, you dare conspire against me?",1
Hay all...Putry udah ready Include room di yah Promot by : ,1
i can see my lil brutha doin sum shyt like dis nigga say it look good,1
this video jinyoung got so jealous of other ships that his first reaction was theres also jinson hadjajja baby,1
Why did I smile like that?,1
Living meme,1
"Doooood, if we gave everything away then what would be the fun in that. All will be revealed",1
dm requests y'all need to read my bio again.,1
Define fly wine drunk right now,1
You won't be disappointed.,1
"You coming to have some fun on Snapchat Click the link, send 10 and enjoy access to my Snap Life! **Use",1
Dublin thank you so much. An unreal show under difficult circumstances. Energy was crazy. Thanks for being there for us,1
"Deena darling, there is absolutely no reason to think like that. Just ask me... I'm a really nice person",1
[IG] INFINITE Woohyun liked an Instagram video: cute,1
HATE WEARING UNDERWEAR,1
I'm really upset that I don't have my headphones I'ma be bored asf on the bus,-1
"Me after paying my SUG, College and departmental dues.WORLDWIDE !!! I DISAF SOME ACCOLADES !!!",1
BITCH THE BOY HAD A SERIOUS INJURY AND HE STILL DID IT BECAUSE OF THE PREJUDICES!!!!!!!!!!! HE PROUDLY WAVED HIS PUBLIC S,-1
Someone just called in to a radio show and said.. Hello my name is emeka and i want to remain anonymous nigerians ple,1
Where are you on the food chain? (via /u/obenj),1
This is true,1
". Fan Meeting: ""What did Jungkook give to V for his birthday last year?""""Love""",1
I saw it this morning!! It was hilarious,1
I NEED A GREATER ASAP that Includes Oceans and what a beautiful name please love you guys!,1
thanks DR for your kindness always,1
I like acne it gives my face texture,1
Omg the pic is here!!! How cute!!!!!!!!!!! Seriously,1
Ouch,1
Looking good guys. Have a great show,1
Hi I'm looking forward to see you soon,1
Retweet till we find this Jamaican,1
Why do you guys still use this kojohoho picture of me,1
"Made it to the list, fam!! On to the next goal All for Him ",1
Why does Young look like he's about to shove his tongue down Sanchez's throat?,1
Enjoy The Beauty ,1
wow... their footworks &amp; everything are just so on point &amp; so in sync,1
Ok I'm really thinking about doing a twitch stream. Lol so if I do in no way shape or form am I good I do suck but I en,1
no one loves e-ls more than jongin,-1
Yall ask if youre allowed? I just do,1
lol we think you should,1
My new baby is home Excellent service yet again from Doug I had to stick with my c,1
If you wanna translate it in Italian,1
Trash enough to visit the sites Mamamoo went to for Starry Night while in Auckland,1
Its awful honestly they need to think about all the sick children who are on operating tables before they set them off,-1
Thank you for this beautiful t-shirt!,1
Fave view,1
This head ripping prank is gold!,1
their synchronization hdjdhd i'm lowkey amazed lmao cr. ://,1
I love your smile 20180220 ~ ,1
Nah this,1
Empty blocks are the future though,1
Twitter needs to stop stoping my mf music,-1
I can assure you it was a grape. Very nice too,1
Aston Martins Lagonda Concept Car Is Breathtaking,1
Look at this madness,-1
No not sab,1
So why haven't you questioned atheism,1
things he do to feed his children,-1
One of the perks of being female but very valid point!,1
It's been years!!!! So let's defo catch up x,1
omf likes!! i dont have sound cloud but check out my other cover,1
Its contagious!,1
". sings 's ""Not Afraid"".Stans love you Skylar ://",1
"nyahaha. why my face chaerin. im being a meme once again. but, i think, i havent told you you are a bish. nyahaha. i cant.",1
"I like that in Stephen's own words, up until now years of KIA have not been worth it.",1
Find local single gay personals! Join For Free and meet thousands of men seeking men CLiCK &gt;&gt;&gt;&gt; ,1
To breastfeed. The tummy on the other hand serves as mattress for the baby,1
You get to drink champopo without being bothered while your pretty friend gets macked on by men in the club https://,1
See you soon again,1
"Wingsuits in Far Cry was just as good or rather better than FC3 IMO. Very unrealistic, thus very fun aswell!",1
Learning to swim,1
When taani is at her best,1
My baby.,1
look at that confident walk : pino.the.corgi,1
Lov u,1
What the hell is this I mean nice try dude but this is bloody cheeky haha,1
Long hair no more,1
"Your so fake , barbie is jealous hahaha lol",1
Ive never even eaten it before,1
The first day I broke curfew was when I learnt my Dad dont love me I came home tried to open the door and it was on the lat,1
Just got home from my am shift. My legs are killing me.,-1
! This Wednesday at PM! Spread the word!,1
"yoongi being all smug, cute with gummy smile and there is jimin don't know what to do with his hands",1
no words needed,1
Sounds v good ty,1
Pre-ordered mine this week! Super excited,1
This made my day,1
Stalking yunhyeong's cousin cuz he is korean muslim .. Btw mosque in seoul look so pretty ... And his 'masallah' https://,1
COME BACK HARRY!!!!,1
On that note let me share my gender reveal coz it was beautiful,1
This is it proud kami sayo thanks sir from FanMily,1
Yow! Same here,1
Very old photo,1
Just a sneaky $1.5b,1
"It was great meeting you, Amy",1
Kitty Jihoon wants some attention from Cheol ,1
"I lost u, i regret it now",-1
Homemade Stuffed Pepper and Fried Cabbage Recipe ,1
They look like they about to drop the hottest mixtape,1
"it was, until sofa decided otherwise",1
Hi girls! I'm taking order for these cuties- RM per pair only.You can dm if you are interested in getting any of these htt,1
I know plus I take weeks to draw stuff,1
Whenever Pablo is preparing to die but hears someone say k,1
my favorite part of the day is meeting you guys,1
Patiently waiting,1
Great day for a sunbathe  RETWEET if you wish you lived next door,1
if you ever wondered how the backstage of these selcas looked like,1
well in this case... being cheap and filthy has never felt this good,1
"Follow all she is lovely, beautiful and amazing in this what she do",1
"Yeah, she passed over the holidays after many good years.",-1
"That's ok, I didn't stream yesterday. Hope you're enjoying your new game",1
Ima make a kid to that damn song fucking Christ,1
"Most excellent! The more, the scarier.",1
I just now realize Maia and Alden are both Marvel fan.,1
Love is HAPPY th,1
Hes ignore all of them till now. But I will keep trying,1
Hahahaahahaah anything u want fam,1
Unity is strength Share this love,1
Took his dads money out the safe,1
Good read. Get to know the modernization project that is one of the most challenging upgrades in Konecranes his,1
When he saw everybody filling up they carts,1
"""Is it just me or is she kinda cute when she's angry?""Can't wait to play Spyro again!",1
Wahay the lads...  Well chuffed... Go team...,1
Yous crack me up .. where is the money coming from ? The hard working public are ge,1
Theres only one sandy Jardine years ago already gone far too soon ,-1
Soak them in a servant's blood and that will wipe right off!,1
"I Love You!!!! You're awesome, you know how to give it back and how!!!!",1
So pink,1
Price of Decentraland $MANA is: $0.146722 QUICK! Sign up before Binance closes registration! ,1
When Fortnite finally pays off,1
He must be one of the porn addicts too and hence shares similar sentiments,1
Thank you!,1
most punctual goes to mehhhhh!,1
"Enjoy your day and have fun! Wow, amazing curves and such a nice face. Happy TittyTuesday Nekane!",1
Ispr case thokk do agar no unlogo ka hh to,1
"Cee-C is from Anambra state, companies belong to our people, Cee-C our queen.",1
"Yes, always believe what they tell you He had a yr plan for that NEVER included a crossover. Let that",1
Lol cuz Im hardly ever serious.,1
A late present has arrived in the post,1
Well I said sorreh is one of the funniest tweets from,1
Bates Motel ended a year ago today and I miss it so much oh my god,-1
Venom trailer looks cool,1
And like you couldn't even put stickers on the onesie or at least use a good sharpie ???,1
"Here's The best , and FREE to join gay dating Service online: CLiCK &gt;&gt;&gt;&gt; ",1
Caught my baby daddy &amp; cousin in bed when I was -4 months pregnant...ooooooooh warre dzay,1
 You are now entering the Hip Bone Zone,1
In my head just now....,1
awesome display today!! Thank you so much for the wave,1
"Imagine being told to get out of your own house,lmao",1
I wonder if the TERFs had a memo sent round before they decided to stop dog piling me and ignore me instead,1
"I watched it a hundred times. Like, literally! They're so cute. Hahahhaha.",1
u bitch,1
pledis rlly don't pay well these days,-1
Huy bagets like me,1
Different kind of gym work how many steps can you do on skipping rope?,1
Hopefully someone will notice my work one day,1
bitch I threw my whole ass hat on the floor in front of the line i dont fuck with spiders,1
Patriotic chicks are way hotter,1
Its tough out her.,1
Rise and Cheat,1
Thanks Angie but nothing is better than Granny's soup!!,1
I want more,1
mood,-1
The seeds have been sown...,1
"| He took some stick from the away fans tonight, but we think might have enjoyed 's match-winning go",1
New Blooper clip! Only at Onlyfans. Now offering on direct chat to my fans/subscribers,1
Imagine meeting J Cole on your prom night,1
Happy Tuesday And bleesed day thanks my friend,1
Gone ethnic for my film Pooja in this summery dress styled by my dearest ,1
had to look twice for a minute then..,1
We're giving you guys a FREE ERSTIES SIGN UP so you can take a look at what we're all about! Claim yours here  https:/,1
Mission K   follow my baby ,1
"Done, please retweet this too (If it says quote tweet is unavailable. Just click it )thank youuuuu",1
Hope y'all gained from the tweets!Happy weekend,1
These are PND lyrics,1
"I'm a sucker for girls with tattoos, I'll admit it (55 Photos)",1
Those using iPhone did they have heads? RT if you're Android user.Let's know ourselves.,1
iphone: reconnecting me: perfect time to hang up,1
Im eing .He plays with low ranks for easy YouTube clips. If hes gonna play the game so can I RT th,1
"Yes no one warns you of that, do they? I thought it would just be the first few years per child! Now",1
But what a great dream to tell people about,1
All smiles,1
The squad is ready for Munich.,1
ggered ako grabe what if the tables have turned and sila sabihan ng ganun???? lol they keep on preaching about being 'cl,1
Me on instagram vs me on twitter,1
Hot damn. Break over.,1
Huh i will wait for pari wat she calls u first that is ur nick name if she call eee u will b eee Fix,1
Im a huge fan of how versatile natural hair is,1
Aaawww it's ok.. as long as it is original and condition is as good as new i hope can wave tgt w him,1
I work in savers and its amazing,1
yaaaas!! really looking forward to see his middle school days animated,1
Whose daughter is this?,1
"""Camila Cabello, Showed interest and liked a video of TWICE's Momo and Sana's cover dance ofHavana""Yahoo Japan too ht",1
if you actually pressed on your DSTV remote control today forgetting that ended yesterday,1
Body &amp; soul ya mori,1
. with the assist! |,1
"Hey No worries ,it can be taken in different context",1
Time to stop the mission is complete,1
"Nooooooooooo! ........ ok, fine, work work  Park Hae Jin",1
I like all that ravey-davey hippety hoppety stuff from too,1
Manu and Valeria are a fashion power (non)couple,1
just signed the petition to get that loser nutty professor fired,-1
Rocking Portman Road one of the worst atmospheres of the season,1
: Years Ago Today: needed a result away at .... In the st minute..... Step f,1
love Hoseok,1
Yes! There will always be something to debate on. hashtag I love you on,1
Same Hope they still hv fridges,1
Sehun actually describes he hyung personality. Lol,1
This is what happens when Napoli fans &amp; Juventus fans walk down the same street in Torino  IG/trollserieatim https:/,1
M highly blessed ..cz m fav of my crush,1
I'm back ! Come show me how much you missed me!,1
"Worst April Fool for a boy fascinated by iPhone. By the way, nice caption.",1
Im HANa and not really dark Bin,1
Oh my god your voice is amazing!!,1
I wasnt even born,1
Ha ha... looks like the same line up too!!! Id have to remember to bring something other than Budwei,1
Hayi ndoda you cant be fighting men to stop sleeping with your girlfriend in,1
Nice boobs,1
Me too,-1
I only noticed it when the wife referred the children as he and she when she mentioned them to her husband,1
"PICK YA HEAD UP NIGGA, THATS THE RD DAMN TIME",1
I'm getting a black iPhone this time,1
My life really be dull as fuck,1
Thailand has everything a foodie and adventure-seeker is looking for,1
looks like someone is pressed,-1
All what Fela Said About Buhari,1
"Take that back you goat. Hibs away at mine, drinks and cheese and pickles for all",1
"As of /14/18, BTS has out of the most-liked tweets of all time. Jungkook' videos and Tae's pictorials have us ",1
finished this print at last! i'll be selling these kids at supanova melbourne this weekend! come say hi!,1
"Thanks bet that was a great game , both my sons worked at formby hall and met all the team , wou",1
 Show Me The Rapper,1
We need to widen the gap as much as possible before BBMAs!,1
We sent The Onky Story by Julian Barnes in our Boxes for March Have you read Julian Barnes earlier work?,1
Its th OCTOBER for the love of dearest on his special day! Love love you Varun ,1
I'm sorry but this is the coolest looking thing to enter the game lol tell me I'm wrong,1
Smile Mornings with the lovely,1
I missed that talk unfortunately! Am so gutted!,-1
at the end of the day its just a twitter handle tho lmfaoooo. fuck yall,1
Ramadhan is only about weeks away! The best time of the year is coming soon. I'm excited,1
They sure do! The videos have been invaluable,1
Haha I love that twitter does that. Thank you!,1
Tall Ladies marry A Tall guyTall Guys Marry a short Lady Short guys Date yourselves,1
"last thing im worried bout is a bitch do as u please, baby.",1
With todays announcement of a total of operas reached for /19 will try to stretch a bit more,1
Bitcoin Cash $BCH price: $1531.53 Binance registration is ONLINE! We JUST checked! ,1
Ahgabong poor vertion How do you think ahgase?,1
The sassy savage and bitch ang peg,1
"I know how to be loyal &amp; I know how to run game. whatever you with, I'm with but pick wisely",1
Just starting,1
No summer plans yet? What about participating in the campaign &amp; discovering great EU-funded projec,1
"Always make nini warm,, I just imagine that im the one put the hotpack, ",1
Come and meet our friendly team at the today! We are talking and ,1
This looks like pure awesomeness!,1
It was a tough day at the office for Jurgen Klopp's translator,1
"I can tweet what I what , I can post as I please cause its my page &amp; aint nobody gone beat my as about it",1
Im A Free Man!! This Is Real!,1
Oh Hi there,1
"Ok, this IS funny",1
bless her little heart!,1
Wish You A Very Happy birthday Sir Thanks for all the good things you did and made Indians Proud ,1
"Dear Miri, I'm still on the mission. I forgot why. But it doesn't matter. Alexander is with me. We will",1
Waaaah you've nailed it darling,1
Follow everyone who like this tweet,1
Please help them,-1
Now I'm craving for match,1
Work goals.,1
We live a healthy &amp; active lifestyle &amp; we fill our bodies with a good breakfast using Herbalife products,1
I hope you're fine people,1
This Innings against,1
Date night,1
I hope you guys enjoy. I love you. Show a friend.,1
All of them ofcourse,1
Thought the same,1
love Cardi B so much in total admiration for dis girl,1
Bro a hoe ... 12 ,1
